<?xml version="1.0" encoding="UTF-8"?><result><person><name>Huei Demke</name><itemsBought>0</itemsBought></person><person><name>Daishiro Juric</name><itemsBought>0</itemsBought></person><person><name>Kawon Unni</name><itemsBought>0</itemsBought></person><person><name>Ewing Andrade</name><itemsBought>0</itemsBought></person><person><name>Jamaludin Kleiser</name><itemsBought>0</itemsBought></person><person><name>Eliana Ruemmler</name><itemsBought>0</itemsBought></person><person><name>Bassem Nagasaki</name><itemsBought>0</itemsBought></person><person><name>Mehrdad McCay</name><itemsBought>0</itemsBought></person><person><name>Bassem Manderick</name><itemsBought>1</itemsBought></person><person><name>Jarkko Nozawa</name><itemsBought>0</itemsBought></person><person><name>Masanao Marsiglia</name><itemsBought>1</itemsBought></person><person><name>Saul Schaap</name><itemsBought>2</itemsBought></person><person><name>Kishor Monkewich</name><itemsBought>2</itemsBought></person><person><name>Martti Halgason</name><itemsBought>0</itemsBought></person><person><name>Laurian Grass</name><itemsBought>3</itemsBought></person><person><name>Shooichi Oerlemans</name><itemsBought>0</itemsBought></person><person><name>Uzi Atrawala</name><itemsBought>0</itemsBought></person><person><name>Aloys Singleton</name><itemsBought>1</itemsBought></person><person><name>Maha DuBourdieux</name><itemsBought>0</itemsBought></person><person><name>Masaski Carrere</name><itemsBought>0</itemsBought></person><person><name>Nestoras Gausemeier</name><itemsBought>0</itemsBought></person><person><name>Yechezkel Calmet</name><itemsBought>0</itemsBought></person><person><name>Slavian Usery</name><itemsBought>0</itemsBought></person><person><name>Piere Schiex</name><itemsBought>0</itemsBought></person><person><name>Shaoyun Morreau</name><itemsBought>0</itemsBought></person></result>