<?xml version="1.0" encoding="UTF-8"?><result><item><name>abhorr execution beckon rue </name><location>Uzbekistan</location></item><item><name>abominable confession greet heaven </name><location>United States</location></item><item><name>choughs stains </name><location>United States</location></item><item><name>compact paper </name><location>United States</location></item><item><name>duteous nine eighteen </name><location>United States</location></item><item><name>gaze wages proving english </name><location>United States</location></item><item><name>great </name><location>United States</location></item><item><name>heart </name><location>United States</location></item><item><name>holds perhaps despair amorous </name><location>United States</location></item><item><name>lessens promise </name><location>United States</location></item><item><name>lived unsur </name><location>United States</location></item><item><name>mole bonfires </name><location>United States</location></item><item><name>nearer conquerors over pays </name><location>United States</location></item><item><name>practice space commune women </name><location>United States</location></item><item><name>sake </name><location>United States</location></item><item><name>scarce brook </name><location>Denmark</location></item><item><name>secure desires </name><location>United States</location></item><item><name>shall ingenious </name><location>United States</location></item><item><name>strive octavius seals happiness </name><location>United States</location></item><item><name>subornation precepts laboured gentleman </name><location>United States</location></item><item><name>waters derive </name><location>United States</location></item><item><name>wine prevention </name><location>United States</location></item></result>