<?xml version='1.0' encoding='ISO-8859-1' ?>

<!--
  XML-Page generated by PENELOPE.
  Copyright (c) 1999 Araneus Group and University 'Roma Tre', Rome, ITALY
  All rights reserved.
-->
<!DOCTYPE SigmodRecord SYSTEM 'SigmodRecord.dtd'>

<SigmodRecord>
  <issue>
 <volume>11</volume>
 <number>1</number>
    <articles>
     <article>
 <title>Annotated Bibliography on Data Design.</title>
 <initPage>45</initPage>
 <endPage>77</endPage>
          <authors>
 <author position="00">Anthony I. Wasserman</author>
 <author position="01">Karen Botnich</author>
          </authors>
     </article>

     <article>
 <title>Architecture of Future Data Base Systems.</title>
 <initPage>30</initPage>
 <endPage>44</endPage>
          <authors>
 <author position="00">Lawrence A. Rowe</author>
 <author position="01">Michael Stonebraker</author>
          </authors>
     </article>

     <article>
 <title>Database Directions III Workshop Review.</title>
 <initPage>8</initPage>
 <endPage>8</endPage>
          <authors>
 <author position="00">Tom Cook</author>
          </authors>
     </article>

     <article>
 <title>Errors in 'Process Synchronization in Database Systems'.</title>
 <initPage>9</initPage>
 <endPage>29</endPage>
          <authors>
 <author position="00">Philip A. Bernstein</author>
 <author position="01">Marco A. Casanova</author>
 <author position="02">Nathan Goodman</author>
          </authors>
     </article>

    </articles>
  </issue>

  <issue>
 <volume>11</volume>
 <number>3</number>
    <articles>
     <article>
 <title>Comparison and Mapping of the Relational and CODASYL Data Models - An Annotated Bibliography.</title>
 <initPage>55</initPage>
 <endPage>68</endPage>
          <authors>
 <author position="00">Gary H. Sockut</author>
          </authors>
     </article>

     <article>
 <title>Database Activity at Aberdeen University Computing Centre.</title>
 <initPage>6</initPage>
 <endPage>6</endPage>
          <authors>
 <author position="00">Stephen Knowles</author>
          </authors>
     </article>

     <article>
 <title>Record of the Workshop on Research in Office Semantics.</title>
 <initPage>10</initPage>
 <endPage>25</endPage>
          <authors>
 <author position="00">Gerald R. Barber</author>
          </authors>
     </article>

     <article>
 <title>Reply to "Errors in 'Process Synchronization in Database Systems'".</title>
 <initPage>7</initPage>
 <endPage>9</endPage>
          <authors>
 <author position="00">Gunter Schlageter</author>
          </authors>
     </article>

     <article>
 <title>Research in Knowledge Base Management Systems.</title>
 <initPage>26</initPage>
 <endPage>54</endPage>
          <authors>
 <author position="00">Gio Wiederhold</author>
 <author position="01">S. Jerrold Kaplan</author>
 <author position="02">Daniel Sagalowicz</author>
          </authors>
     </article>

    </articles>
  </issue>

  <issue>
 <volume>11</volume>
 <number>4</number>
    <articles>
     <article>
 <title>Multisafe - A Data Security Architecture.</title>
 <initPage>26</initPage>
 <endPage>31</endPage>
          <authors>
 <author position="00">Robert P. Trueblood</author>
 <author position="01">H. Rex Hartson</author>
          </authors>
     </article>

     <article>
 <title>Note on the Expected Size of a Join.</title>
 <initPage>19</initPage>
 <endPage>25</endPage>
          <authors>
 <author position="00">Arnon Rosenthal</author>
          </authors>
     </article>

     <article>
 <title>Notes of DDTS - An Apparatus for Experimental Research in Distributed Database Management Systems.</title>
 <initPage>32</initPage>
 <endPage>49</endPage>
          <authors>
 <author position="00">Ramez Elmasri</author>
 <author position="01">Cory Devor</author>
 <author position="02">Said K. Rahimi</author>
          </authors>
     </article>

    </articles>
  </issue>

  <issue>
 <volume>12</volume>
 <number>1</number>
    <articles>
     <article>
 <title>A Note on Decompositions of Relational Databases.</title>
 <initPage>33</initPage>
 <endPage>37</endPage>
          <authors>
 <author position="00">Catriel Beeri</author>
 <author position="01">Moshe Y. Vardi</author>
          </authors>
     </article>

     <article>
 <title>BUSINESS - An End-User Oriented Application Development Language.</title>
 <initPage>38</initPage>
 <endPage>69</endPage>
          <authors>
 <author position="00">Peter B. Miller</author>
 <author position="01">Sergey Tetelbaum</author>
 <author position="02">Kincade N. Webb</author>
          </authors>
     </article>

     <article>
 <title>Horizontal Decomposition to Improve a Non-BCNF Scheme.</title>
 <initPage>26</initPage>
 <endPage>32</endPage>
          <authors>
 <author position="00">Antonio L. Furtado</author>
          </authors>
     </article>

     <article>
 <title>Meta-Database Architecture for Relational DBMS.</title>
 <initPage>18</initPage>
 <endPage>25</endPage>
          <authors>
 <author position="00">Kn. I. Kilov</author>
 <author position="01">I. A. Popova</author>
          </authors>
     </article>

    </articles>
  </issue>

  <issue>
 <volume>12</volume>
 <number>2</number>
    <articles>
     <article>
 <title>Actual Conversion Experiences.</title>
 <initPage>20</initPage>
 <endPage>33</endPage>
          <authors>
 <author position="00">James H. Burrows</author>
          </authors>
     </article>

     <article>
 <title>Conversion Technology, An Assessment.</title>
 <initPage>39</initPage>
 <endPage>61</endPage>
          <authors>
 <author position="00">James P. Fry</author>
          </authors>
     </article>

     <article>
 <title>Data Base Directions II: The Conversion Problem - Editorial.</title>
 <initPage>3</initPage>
 <endPage>3</endPage>
          <authors>
 <author position="00">John L. Berg</author>
          </authors>
     </article>

     <article>
 <title>Establishing Management Objectives.</title>
 <initPage>9</initPage>
 <endPage>19</endPage>
          <authors>
 <author position="00">Richard L. Nolan</author>
          </authors>
     </article>

     <article>
 <title>Evolution in Computer Systems.</title>
 <initPage>4</initPage>
 <endPage>8</endPage>
          <authors>
 <author position="00">Mayford L. Roark</author>
          </authors>
     </article>

     <article>
 <title>Standards.</title>
 <initPage>34</initPage>
 <endPage>38</endPage>
          <authors>
 <author position="00">Milt Bryce</author>
          </authors>
     </article>

    </articles>
  </issue>

  <issue>
 <volume>12</volume>
 <number>3</number>
    <articles>
     <article>
 <title>Administering a Distributed Data Base Management System.</title>
 <initPage>86</initPage>
 <endPage>99</endPage>
          <authors>
 <author position="00">Henry M. Walker</author>
          </authors>
     </article>

     <article>
 <title>Database Research Activities at the University of Wisconsin.</title>
 <initPage>19</initPage>
 <endPage>26</endPage>
          <authors>
 <author position="00">Haran Boral</author>
 <author>David J. DeWitt</author>
 <author position="02">Randy H. Katz</author>
 <author position="03">Anthony C. Klug</author>
          </authors>
     </article>

     <article>
 <title>Distributed Processing of Data Dynamics.</title>
 <initPage>67</initPage>
 <endPage>85</endPage>
          <authors>
 <author position="00">Colette Rolland</author>
 <author position="01">Christian Richard</author>
          </authors>
     </article>

     <article>
 <title>Implementation of a Time Expert in a Data Base System.</title>
 <initPage>51</initPage>
 <endPage>60</endPage>
          <authors>
 <author position="00">Ricky Overmyer</author>
 <author position="01">Michael Stonebraker</author>
          </authors>
     </article>

     <article>
 <title>Problems of Optimistic Concurrency Control in Distributed Database Systems.</title>
 <initPage>61</initPage>
 <endPage>66</endPage>
          <authors>
 <author position="00">Gunter Schlageter</author>
          </authors>
     </article>

     <article>
 <title>The Role of Time in Information Processing: A Survey.</title>
 <initPage>27</initPage>
 <endPage>50</endPage>
          <authors>
 <author position="00">A. Bolour</author>
 <author position="01">T. L. Anderson</author>
 <author position="02">L. J. Dekeyser</author>
 <author position="03">Harry K. T. Wong</author>
          </authors>
     </article>

    </articles>
  </issue>

  <issue>
 <volume>12</volume>
 <number>4</number>
    <articles>
     <article>
 <title>Final Report of the ANSI/X3/SPARC DBS-SG Relational Database Task Group.</title>
 <initPage>0</initPage>
 <endPage>62</endPage>
          <authors>
 <author position="00">Michael L. Brodie</author>
 <author position="01">Joachim W. Schmidt</author>
          </authors>
     </article>

    </articles>
  </issue>

  <issue>
 <volume>13</volume>
 <number>1</number>
    <articles>
     <article>
 <title>A Formal Definition of the relational Model.</title>
 <initPage>18</initPage>
 <endPage>29</endPage>
          <authors>
 <author position="00">C. J. Date</author>
          </authors>
     </article>

     <article>
 <title>A Precise Definition of Basic Relational Notions and of the Relational Algebra.</title>
 <initPage>30</initPage>
 <endPage>45</endPage>
          <authors>
 <author position="00">Alain Pirotte</author>
          </authors>
     </article>

     <article>
 <title>Comments on "Note on the Expected Size of a Join".</title>
 <initPage>13</initPage>
 <endPage>13</endPage>
          <authors>
 <author position="00">T. H. Merrett</author>
          </authors>
     </article>

     <article>
 <title>Horizontal Decompositions and their Impact on Query Solving.</title>
 <initPage>46</initPage>
 <endPage>50</endPage>
          <authors>
 <author position="00">P. De Bra</author>
 <author position="01">Jan Paredaens</author>
          </authors>
     </article>

     <article>
 <title>New Proposal for a Common Command Language in Information Systems.</title>
 <initPage>51</initPage>
 <endPage>78</endPage>
          <authors>
 <author position="00">Yves Vander Auwera</author>
 <author position="01">Luc Bernard</author>
          </authors>
     </article>

     <article>
 <title>Notes on the State of Data Base Audit.</title>
 <initPage>79</initPage>
 <endPage>91</endPage>
          <authors>
 <author position="00">Jon D. Clark</author>
 <author position="01">Frederick G. Davis</author>
          </authors>
     </article>

     <article>
 <title>On Some Arguable Claims in B. Shneiderman's Evaluation of Natural Language Interaction with Database Systems.</title>
 <initPage>92</initPage>
 <endPage>97</endPage>
          <authors>
 <author position="00">Neil C. Rowe</author>
          </authors>
     </article>

     <article>
 <title>Response to N. C. Rowe's Rewiew.</title>
 <initPage>98</initPage>
 <endPage>98</endPage>
          <authors>
 <author position="00">Ben Shneiderman</author>
          </authors>
     </article>

    </articles>
  </issue>

  <issue>
 <volume>13</volume>
 <number>2</number>
    <articles>
     <article>
 <title>An Approach to the User Interface and Semantic Integrity for a Relational DBMS.</title>
 <initPage>64</initPage>
 <endPage>71</endPage>
          <authors>
 <author position="00">Haim Kilov</author>
          </authors>
     </article>

     <article>
 <title>Comments on Optimality of B-Trees.</title>
 <initPage>35</initPage>
 <endPage>38</endPage>
          <authors>
 <author position="00">Juergen Klonk</author>
          </authors>
     </article>

     <article>
 <title>Constraints: Consistency and Integrity.</title>
 <initPage>60</initPage>
 <endPage>63</endPage>
          <authors>
 <author position="00">Mukul K. Sinha</author>
          </authors>
     </article>

     <article>
 <title>Deadlock Detection is Cheap.</title>
 <initPage>19</initPage>
 <endPage>34</endPage>
          <authors>
 <author position="00">Rakesh Agrawal</author>
 <author position="01">Michael J. Carey</author>
 <author position="02">David J. DeWitt</author>
          </authors>
     </article>

     <article>
 <title>Fixing Pages in Database Buffer.</title>
 <initPage>52</initPage>
 <endPage>59</endPage>
          <authors>
 <author position="00">Wolfgang Effelsberg</author>
          </authors>
     </article>

     <article>
 <title>The Optimal Selection of Secondary Indices is NP-Complete.</title>
 <initPage>72</initPage>
 <endPage>75</endPage>
          <authors>
 <author position="00">Gregory Piatetsky-Shapiro</author>
          </authors>
     </article>

     <article>
 <title>Why Sort-Merge Gives the Best Implementation of the Natural Join.</title>
 <initPage>39</initPage>
 <endPage>51</endPage>
          <authors>
 <author position="00">T. H. Merrett</author>
          </authors>
     </article>

    </articles>
  </issue>

  <issue>
 <volume>13</volume>
 <number>3</number>
    <articles>
     <article>
 <title>Adding Database Management to Ada.</title>
 <initPage>13</initPage>
 <endPage>17</endPage>
          <authors>
 <author position="00">Patrick A. V. Hall</author>
          </authors>
     </article>

     <article>
 <title>An Informal Approach to Formal Specifications.</title>
 <initPage>32</initPage>
 <endPage>41</endPage>
          <authors>
 <author position="00">Antonio L. Furtado</author>
          </authors>
     </article>

     <article>
 <title>Comparison of Four Relational Data Model Specifications.</title>
 <initPage>18</initPage>
 <endPage>31</endPage>
          <authors>
 <author position="00">Winfried Lamersdorf</author>
          </authors>
     </article>

     <article>
 <title>How the DBA Stole Christmas, or The Case for Separately Compiled Access Modules.</title>
 <initPage>11</initPage>
 <endPage>12</endPage>
          <authors>
 <author position="00">David S. Reiner</author>
 <author position="01">Arnon Rosenthal</author>
          </authors>
     </article>

     <article>
 <title>Interfacing a Query Language to a CODASYL DBMS.</title>
 <initPage>46</initPage>
 <endPage>64</endPage>
          <authors>
 <author position="00">Roger M. Tagg</author>
          </authors>
     </article>

     <article>
 <title>Research Issues in Database Specification.</title>
 <initPage>42</initPage>
 <endPage>45</endPage>
          <authors>
 <author position="00">Michael L. Brodie</author>
          </authors>
     </article>

     <article>
 <title>The Devolution of Functional Analysis.</title>
 <initPage>65</initPage>
 <endPage>91</endPage>
          <authors>
 <author position="00">Ken Meyer</author>
 <author position="01">John Doughty</author>
          </authors>
     </article>

    </articles>
  </issue>

  <issue>
 <volume>13</volume>
 <number>4</number>
    <articles>
     <article>
 <title>"I wish I were over there": Distributed Execution Protocols for Data Definition in R*.</title>
 <initPage>238</initPage>
 <endPage>242</endPage>
          <authors>
 <author position="00">Paul F. Wilms</author>
 <author position="01">Bruce G. Lindsay</author>
 <author position="02">Patricia G. Selinger</author>
          </authors>
     </article>

     <article>
 <title>A High Performance, Universal, Key Associative Access Method.</title>
 <initPage>120</initPage>
 <endPage>133</endPage>
          <authors>
 <author position="00">David B. Lomet</author>
          </authors>
     </article>

     <article>
 <title>A New Characterization of Independence.</title>
 <initPage>92</initPage>
 <endPage>96</endPage>
          <authors>
 <author position="00">Peter Honeyman</author>
 <author position="01">Edward Sciore</author>
          </authors>
     </article>

     <article>
 <title>An Abstract Model of Database Concurrency Control Algorithms.</title>
 <initPage>97</initPage>
 <endPage>107</endPage>
          <authors>
 <author position="00">Michael J. Carey</author>
          </authors>
     </article>

     <article>
 <title>An Experimental Comparison of Locking Policies in a Testbed Database System.</title>
 <initPage>108</initPage>
 <endPage>119</endPage>
          <authors>
 <author position="00">Walter H. Kohler</author>
 <author position="01">Kenneth C. Wilner</author>
 <author position="02">John A. Stankovic</author>
          </authors>
     </article>

     <article>
 <title>Answering Queries in Relational Databases.</title>
 <initPage>173</initPage>
 <endPage>177</endPage>
          <authors>
 <author position="00">Alessandro D'Atri</author>
 <author position="01">Marina Moscarini</author>
 <author position="02">Nicolas Spyratos</author>
          </authors>
     </article>

     <article>
 <title>Database Theory: Where Has It Been? Where Is It Going? (Abstract).</title>
 <initPage>2</initPage>
 <endPage>2</endPage>
          <authors>
 <author position="00">Philip A. Bernstein</author>
          </authors>
     </article>

     <article>
 <title>Database Usability (Abstract).</title>
 <initPage>1</initPage>
 <endPage>1</endPage>
          <authors>
 <author position="00">C. J. Date</author>
          </authors>
     </article>

     <article>
 <title>DBMS and AI: Is There any Common Point of View?</title>
 <initPage>134</initPage>
 <endPage>134</endPage>
          <authors>
 <author position="00">Michael Stonebraker</author>
          </authors>
     </article>

     <article>
 <title>Designing Globally Consistent Network Schemas.</title>
 <initPage>185</initPage>
 <endPage>195</endPage>
          <authors>
 <author position="00">Sharon McCure Kuck</author>
 <author position="01">Yehoshua Sagiv</author>
          </authors>
     </article>

     <article>
 <title>Distributing A Database for Parallelism.</title>
 <initPage>23</initPage>
 <endPage>29</endPage>
          <authors>
 <author position="00">Eugene Wong</author>
 <author position="01">Randy H. Katz</author>
          </authors>
     </article>

     <article>
 <title>Estimating Block Transfers and Join Sizes.</title>
 <initPage>40</initPage>
 <endPage>54</endPage>
          <authors>
 <author position="00">Stavros Christodoulakis</author>
          </authors>
     </article>

     <article>
 <title>Forms Approach to Requirements Specification for Database Design.</title>
 <initPage>161</initPage>
 <endPage>172</endPage>
          <authors>
 <author position="00">Nan C. Shu</author>
 <author position="01">Harry K. T. Wong</author>
 <author position="02">Vincent Y. Lum</author>
          </authors>
     </article>

     <article>
 <title>Fragments of Relations.</title>
 <initPage>15</initPage>
 <endPage>22</endPage>
          <authors>
 <author position="00">David Maier</author>
 <author position="01">Jeffrey D. Ullman</author>
          </authors>
     </article>

     <article>
 <title>Functional Dependencies on Cyclic Database Schemes.</title>
 <initPage>79</initPage>
 <endPage>91</endPage>
          <authors>
 <author position="00">Kent Laver</author>
 <author position="01">Alberto O. Mendelzon</author>
 <author position="02">Marc H. Graham</author>
          </authors>
     </article>

     <article>
 <title>Incomplete Information and Dependencies in Relational Databases.</title>
 <initPage>178</initPage>
 <endPage>184</endPage>
          <authors>
 <author position="00">Tomasz Imielinski</author>
 <author position="01">Witold Lipski Jr.</author>
          </authors>
     </article>

     <article>
 <title>On Merging Partitioned Databases.</title>
 <initPage>6</initPage>
 <endPage>14</endPage>
          <authors>
 <author position="00">David D. Wright</author>
          </authors>
     </article>

     <article>
 <title>On the Design of a Query Processing Strategy in a Distributed Database Environment.</title>
 <initPage>30</initPage>
 <endPage>39</endPage>
          <authors>
 <author position="00">Clement T. Yu</author>
 <author position="01">C. C. Chang</author>
          </authors>
     </article>

     <article>
 <title>Overview of an Ada Compatible Distributed Database Manager.</title>
 <initPage>228</initPage>
 <endPage>237</endPage>
          <authors>
 <author position="00">Arvola Chan</author>
 <author position="01">Umeshwar Dayal</author>
 <author position="02">Stephen Fox</author>
 <author position="03">Nathan Goodman</author>
 <author position="04">Daniel R. Ries</author>
 <author position="05">Dale Skeen</author>
          </authors>
     </article>

     <article>
 <title>Practical Problems in Data Management - A Position Paper.</title>
 <initPage>3</initPage>
 <endPage>3</endPage>
          <authors>
 <author position="00">Jim Gray</author>
          </authors>
     </article>

     <article>
 <title>Query Processing Utilizing Dependencies and Horizontal Decomposition.</title>
 <initPage>55</initPage>
 <endPage>67</endPage>
          <authors>
 <author position="00">Yahiko Kambayashi</author>
 <author position="01">Masatoshi Yoshikawa</author>
          </authors>
     </article>

     <article>
 <title>Range Nesting: A Fast Method to Evaluate Quantified Queries.</title>
 <initPage>196</initPage>
 <endPage>206</endPage>
          <authors>
 <author position="00">Matthias Jarke</author>
 <author position="01">Jurgen Koch</author>
          </authors>
     </article>

     <article>
 <title>Relational Queries in a Domain Based DBMS.</title>
 <initPage>219</initPage>
 <endPage>227</endPage>
          <authors>
 <author position="00">Michele Missikoff</author>
 <author position="01">Michel Scholl</author>
          </authors>
     </article>

     <article>
 <title>Remotely-Sensed Geophysical Databases: Experience and Implications for Generalized DBMS.</title>
 <initPage>146</initPage>
 <endPage>160</endPage>
          <authors>
 <author position="00">Guy M. Lohman</author>
 <author position="01">Joseph C. Stoltzfus</author>
 <author position="02">Anita N. Benson</author>
 <author position="03">Michael D. Martin</author>
 <author position="04">Alfonso F. Cardenas</author>
          </authors>
     </article>

     <article>
 <title>The Database Language GEM.</title>
 <initPage>207</initPage>
 <endPage>218</endPage>
          <authors>
 <author position="00">Carlo Zaniolo</author>
          </authors>
     </article>

     <article>
 <title>Time and Databases.</title>
 <initPage>243</initPage>
 <endPage>245</endPage>
          <authors>
 <author position="00">Gad Ariav</author>
 <author position="01">James Clifford</author>
 <author position="02">Matthias Jarke</author>
          </authors>
     </article>

     <article>
 <title>Top-Down Statistical Estimation on a Database.</title>
 <initPage>135</initPage>
 <endPage>145</endPage>
          <authors>
 <author position="00">Neil C. Rowe</author>
          </authors>
     </article>

     <article>
 <title>Views on Data Management.</title>
 <initPage>4</initPage>
 <endPage>5</endPage>
          <authors>
 <author position="00">Erich J. Neuhold</author>
          </authors>
     </article>

     <article>
 <title>Windows on the World.</title>
 <initPage>68</initPage>
 <endPage>78</endPage>
          <authors>
 <author position="00">David Maier</author>
 <author position="01">David Rozenshtein</author>
 <author position="02">David Scott Warren</author>
          </authors>
     </article>

    </articles>
  </issue>

  <issue>
 <volume>14</volume>
 <number>1</number>
    <articles>
     <article>
 <title>A Straightforward Formalization of the Relational Model.</title>
 <initPage>15</initPage>
 <endPage>38</endPage>
          <authors>
 <author position="00">Timo Niemi</author>
 <author position="01">Kalervo Jarvelin</author>
          </authors>
     </article>

     <article>
 <title>An Informal Approach to Formal Specifications.</title>
 <initPage>45</initPage>
 <endPage>54</endPage>
          <authors>
 <author position="00">Antonio L. Furtado</author>
          </authors>
     </article>

     <article>
 <title>Book Review - Edward A. Feigenbaum and Pamela McCorduck, The Fifth Generation: Artificial Intelligence and Japan's Computer Challenge to the World.</title>
 <initPage>64</initPage>
 <endPage>65</endPage>
          <authors>
 <author position="00">Neil C. Rowe</author>
          </authors>
     </article>

     <article>
 <title>Distributing a database for Parallel Processing is NP-hard.</title>
 <initPage>55</initPage>
 <endPage>60</endPage>
          <authors>
 <author position="00">H. C. Du</author>
          </authors>
     </article>

     <article>
 <title>Implementation of Data Abstraction in the Relational Database System Ingres.</title>
 <initPage>1</initPage>
 <endPage>14</endPage>
          <authors>
 <author position="00">James Ong</author>
 <author position="01">Dennis Fogg</author>
 <author position="02">Michael Stonebraker</author>
          </authors>
     </article>

     <article>
 <title>Practical Hardware for Linear Execution of relational database Operations.</title>
 <initPage>39</initPage>
 <endPage>44</endPage>
          <authors>
 <author position="00">T. H. Merrett</author>
          </authors>
     </article>

     <article>
 <title>Some Comments on "Deadlock Detection is Cheap" in SIGMOD Record Jan 83.</title>
 <initPage>61</initPage>
 <endPage>63</endPage>
          <authors>
 <author position="00">W. N. Chin</author>
          </authors>
     </article>

    </articles>
  </issue>
</SigmodRecord>
